<?xml version="1.0" encoding="UTF-8"?>
<schema
  xmlns="http://www.concrete5.org/doctrine-xml/0.5"
  xmlns:xsi="http://www.w3.org/2001/XMLSchema-instance" xsi:schemaLocation="http://www.concrete5.org/doctrine-xml/0.5 http://concrete5.github.io/doctrine-xml/doctrine-xml-0.5.xsd">

  <table name="btExpressForm">
    <field name="bID" type="integer">
      <unsigned/>
      <key/>
    </field>
    <field name="exFormID" type="guid">
    </field>
    <field name="submitLabel" type="string" size="255">
      <default value="Submit"/>
    </field>
    <field name="thankyouMsg" type="text" size="65535"/>
    <field name="notifyMeOnSubmission" type="boolean">
      <default value="0"/>
      <notnull/>
    </field>
    <field name="recipientEmail" type="string" size="255"/>
    <field name="displayCaptcha" type="integer">
      <default value="1"/>
    </field>
    <field name="storeFormSubmission" type="boolean">
     <default value="1"/>
    </field>
    <field name="redirectCID" type="integer">
      <default value="0"/>
    </field>
    <field name="replyToEmailControlID" type="string">
    </field>
    <field name="addFilesToSet" type="integer">
      <default value="0"/>
    </field>
    <field name="addFilesToFolder" type="integer">
      <default value="0"/>
    </field>
  </table>

</schema>
