<?xml version="1.0"?>
<concrete5-cif version="1.0">
    <gatheringsources>
        <gatheringsource handle="page" name="Site Page" package="" />
        <gatheringsource handle="rss_feed" name="RSS Feed" package="" />
        <gatheringsource handle="flickr_feed" name="Flickr Feed" package="" />
        <gatheringsource handle="twitter" name="Twitter" package="" />
    </gatheringsources>
    <features>
        <feature handle="title" score="1" />
        <feature handle="link" score="1" />
        <feature handle="author" score="1" />
        <feature handle="date_time" score="1" />
        <feature handle="image" score="500" has-custom-class="true" />
        <feature handle="conversation" score="10" has-custom-class="true" />
        <feature handle="description" score="1" />
        <feature handle="featured" score="1000" />
    </features>
    <gatheringitemtemplatetypes>
        <gatheringitemtemplatetype handle="tile" package="" />
        <gatheringitemtemplatetype handle="detail" package="" />
    </gatheringitemtemplatetypes>
    <gatheringitemtemplates>
        <gatheringitemtemplate handle="featured" type="tile" name="Featured Item" package="" fixed-slot-width="6" fixed-slot-height="2" force-default="1">
            <feature handle="description" />
            <feature handle="date_time" />
            <feature handle="link" />
            <feature handle="title" />
            <feature handle="image" />
            <feature handle="featured" />
        </gatheringitemtemplate>
        <gatheringitemtemplate handle="title_date_description" type="tile" name="Title Date &amp; Description" package="">
            <feature handle="description" />
            <feature handle="date_time" />
            <feature handle="link" />
            <feature handle="title" />
        </gatheringitemtemplate>
        <gatheringitemtemplate handle="title_description" type="tile" name="Title &amp; Description" package="">
            <feature handle="description" />
            <feature handle="link" />
            <feature handle="title" />
        </gatheringitemtemplate>
        <gatheringitemtemplate handle="title_date" type="tile" name="Title &amp; Date" package="">
            <feature handle="date_time" />
            <feature handle="link" />
            <feature handle="title" />
        </gatheringitemtemplate>
        <gatheringitemtemplate handle="title_date_comments" type="tile" name="Title, Date &amp; Comments" package="" has-custom-class="true">
            <feature handle="date_time" />
            <feature handle="link" />
            <feature handle="title" />
            <feature handle="conversation" />
        </gatheringitemtemplate>
        <gatheringitemtemplate handle="thumbnail" type="tile" name="Thumbnail" package="">
            <feature handle="link" />
            <feature handle="image" />
        </gatheringitemtemplate>
        <gatheringitemtemplate handle="basic" type="detail" name="Basic" package="">
            <feature handle="title" />
        </gatheringitemtemplate>
        <gatheringitemtemplate handle="image_sharing_link" type="detail" name="Image Sharing Link" package="">
            <feature handle="image" />
            <feature handle="link" />
        </gatheringitemtemplate>
        <gatheringitemtemplate handle="image_conversation" type="detail" name="Image Conversation" package="">
            <feature handle="image" />
            <feature handle="link" />
        </gatheringitemtemplate>
        <gatheringitemtemplate handle="image" type="detail" name="Large Image" package="">
            <feature handle="image" />
        </gatheringitemtemplate>
        <gatheringitemtemplate handle="masthead_image_left" type="tile" name="Masthead Image Left" package="">
			<feature handle="title" />
			<feature handle="description" />
			<feature handle="date_time" />
			<feature handle="image" />
		</gatheringitemtemplate>
		<gatheringitemtemplate handle="masthead_image_right" type="tile" name="Masthead Image Right" package="">
			<feature handle="title" />
			<feature handle="description" />
			<feature handle="date_time" />
			<feature handle="image" />
		</gatheringitemtemplate>
		<gatheringitemtemplate handle="masthead_image_byline_right" type="tile" name="Masthead Image Byline Right" package="">
			<feature handle="title" />
			<feature handle="description" />
			<feature handle="date_time" />
			<feature handle="image" />
			<feature handle="author" />
		</gatheringitemtemplate>
		<gatheringitemtemplate handle="masthead_image_byline_left" type="tile" name="Masthead Image Byline Left" package="">
			<feature handle="title" />
			<feature handle="description" />
			<feature handle="date_time" />
			<feature handle="image" />
			<feature handle="author" />
		</gatheringitemtemplate>
		<gatheringitemtemplate handle="image_masthead_description_center" type="tile" name="Image Masthead Description Center" package="">
			<feature handle="title" />
			<feature handle="description" />
			<feature handle="image" />
		</gatheringitemtemplate>
		<gatheringitemtemplate handle="image_byline_description_center" type="tile" name="Image Byline Description Center" package="">
			<feature handle="image" />
			<feature handle="author" />
			<feature handle="description" />
		</gatheringitemtemplate>
		<gatheringitemtemplate handle="masthead_byline_description" type="tile" name="Masthead Byline Description" package="">
			<feature handle="title" />
			<feature handle="description" />
			<feature handle="author" />
		</gatheringitemtemplate>
		<gatheringitemtemplate handle="masthead_description" type="tile" name="Masthead Description" package="">
			<feature handle="title" />
			<feature handle="description" />
		</gatheringitemtemplate>
		<gatheringitemtemplate handle="thumbnail_description_center" type="tile" name="Thumbnail &amp; Description Center" package="">
			<feature handle="description" />
			<feature handle="image" />
		</gatheringitemtemplate>
		<gatheringitemtemplate handle="tweet" type="tile" name="Tweet" package="">
            <feature handle="description" />
            <feature handle="date_time" />
            <feature handle="author" />
		</gatheringitemtemplate>
		<gatheringitemtemplate handle="vimeo" type="tile" name="Vimeo" package="">
			<feature handle="title" />
		</gatheringitemtemplate>
		<gatheringitemtemplate handle="image_overlay_headline" type="tile" name="Image Overlay Headline" package="">
			<feature handle="title" />
			<feature handle="image" />
            <feature handle="author" />
		</gatheringitemtemplate>
    </gatheringitemtemplates>
    <featurecategories>
        <featurecategory handle="collection_version" />
        <featurecategory handle="gathering_item" />
    </featurecategories>

    <permissionkeys>
        <permissionkey handle="edit_gatherings" name="Edit Gatherings" description="Can edit the footprint and items in all gatherings." package="" category="admin">
            <access>
                <group name="Administrators" description=""/>
            </access>
        </permissionkey>
        <permissionkey handle="edit_gathering_items" name="Edit Gathering Items" description="" package="" category="gathering">
            <access>
                <group name="Administrators" description=""/>
            </access>
        </permissionkey>
    </permissionkeys>

</concrete5-cif>
